<?xml version="1.0" encoding="UTF-8"?>
<project-private xmlns="http://www.netbeans.org/ns/project-private/1">
    <editor-bookmarks xmlns="http://www.netbeans.org/ns/editor-bookmarks/2" lastBookmarkId="0"/>
    <open-files xmlns="http://www.netbeans.org/ns/projectui-open-files/2">
        <group>
            <file>file:/D:/semua%20PBO/PengelolaDataPerpustakaan_lgproses/src/view/MainViewRiwayatPeminjam.java</file>
            <file>file:/D:/semua%20PBO/PengelolaDataPerpustakaan_lgproses/src/view/MainViewAdmin.java</file>
            <file>file:/D:/semua%20PBO/PengelolaDataPerpustakaan_lgproses/src/DAOPerpustakaan/datariwayatpeminjamDAO.java</file>
            <file>file:/D:/semua%20PBO/PengelolaDataPerpustakaan_lgproses/src/model/modeltabeldatapengembalian.java</file>
            <file>file:/D:/semua%20PBO/PengelolaDataPerpustakaan_lgproses/src/koneksi/connector.java</file>
            <file>file:/D:/semua%20PBO/PengelolaDataPerpustakaan_lgproses/src/DAOImplement/datariwayatimplement.java</file>
            <file>file:/D:/semua%20PBO/PengelolaDataPerpustakaan_lgproses/src/controller/datariwayatpeminjamcontroller.java</file>
            <file>file:/D:/semua%20PBO/PengelolaDataPerpustakaan_lgproses/src/view/MainViewBuku.java</file>
            <file>file:/D:/semua%20PBO/PengelolaDataPerpustakaan_lgproses/src/view/MainViewPetugas.java</file>
            <file>file:/D:/semua%20PBO/PengelolaDataPerpustakaan_lgproses/src/view/MainViewDaftar.java</file>
            <file>file:/D:/semua%20PBO/PengelolaDataPerpustakaan_lgproses/src/DAOPerpustakaan/datastokDAO.java</file>
            <file>file:/D:/semua%20PBO/PengelolaDataPerpustakaan_lgproses/src/model/modeltabelriwayat.java</file>
            <file>file:/D:/semua%20PBO/PengelolaDataPerpustakaan_lgproses/src/view/MainViewPengembalian.java</file>
            <file>file:/D:/semua%20PBO/PengelolaDataPerpustakaan_lgproses/src/controller/datastokcontroller.java</file>
            <file>file:/D:/semua%20PBO/PengelolaDataPerpustakaan_lgproses/src/model/modeltabeldataadmin.java</file>
            <file>file:/D:/semua%20PBO/PengelolaDataPerpustakaan_lgproses/src/view/MainViewPeminjaman.java</file>
            <file>file:/D:/semua%20PBO/PengelolaDataPerpustakaan_lgproses/src/view/Hijau%20Geometrik%20Futuristik%20Jadwal%20Piket%20Ruangan%20Jadwal%20A4%20Dokumen%20%20(1).png</file>
            <file>file:/D:/semua%20PBO/PengelolaDataPerpustakaan_lgproses/src/model/modeltabelriwayatpeminjam.java</file>
            <file>file:/D:/semua%20PBO/PengelolaDataPerpustakaan_lgproses/src/view/MainViewRegister.java</file>
            <file>file:/D:/semua%20PBO/PengelolaDataPerpustakaan_lgproses/src/model/modeltabeldatastok.java</file>
            <file>file:/D:/semua%20PBO/PengelolaDataPerpustakaan_lgproses/src/DAOPerpustakaan/datariwayatDAO.java</file>
            <file>file:/D:/semua%20PBO/PengelolaDataPerpustakaan_lgproses/src/view/MainViewPeminjam.java</file>
            <file>file:/D:/semua%20PBO/PengelolaDataPerpustakaan_lgproses/src/view/MainViewStok.java</file>
            <file>file:/D:/semua%20PBO/PengelolaDataPerpustakaan_lgproses/src/controller/databukucontroller.java</file>
            <file>file:/D:/semua%20PBO/PengelolaDataPerpustakaan_lgproses/src/view/Main.java</file>
            <file>file:/D:/semua%20PBO/PengelolaDataPerpustakaan_lgproses/src/model/datariwayat.java</file>
            <file>file:/D:/semua%20PBO/PengelolaDataPerpustakaan_lgproses/src/model/modeltabeldatabuku.java</file>
            <file>file:/D:/semua%20PBO/PengelolaDataPerpustakaan_lgproses/src/DAOPerpustakaan/databukuDAO.java</file>
            <file>file:/D:/semua%20PBO/PengelolaDataPerpustakaan_lgproses/src/DAOPerpustakaan/datapengembalianDAO.java</file>
            <file>file:/D:/semua%20PBO/PengelolaDataPerpustakaan_lgproses/src/controller/datariwayatcontroller.java</file>
            <file>file:/D:/semua%20PBO/PengelolaDataPerpustakaan_lgproses/src/controller/datapengembaliancontroller.java</file>
            <file>file:/D:/semua%20PBO/PengelolaDataPerpustakaan_lgproses/src/DAOImplement/databukuimplement.java</file>
        </group>
    </open-files>
</project-private>
